,title,totalPrice,unitPrice,huxing,size,orientations,house_style,floor,built_time,apartment_layout
0,砂子塘社区 1室1厅 49.8万,49.8万,单价11829元/平米,1室1厅,42.1平米,南,简装,中楼层(共5层),1997年建,板楼
1,王家冲精装两房，厨卫全明，采光充足，户型周正。,59.8万,单价8814元/平米,2室1厅,67.85平米,西,精装,中楼层(共7层),2006年建,板楼
2,急售，精装1房，山水花都，看房方便，交通方便。,43.6万,单价10399元/平米,1室1厅,41.93平米,南,精装,高楼层(共33层),2009年建,塔楼
3,树木岭 新城新世界 户型方正两房 居家装修 中间楼层,98.8万,单价11182元/平米,2室2厅,88.36平米,西南,精装,中楼层(共18层),2013年建,板塔结合
4,无费，急售好房，钥匙在手，随时看房，枫树山好房,135万,单价11345元/平米,3室2厅,119平米,南 西北,简装,高楼层(共17层),2008年建,板楼
5,瑞宁花园精装修两房 朝南采光足 随时看房,102万,单价11922元/平米,2室1厅,85.56平米,南,精装,低楼层(共29层),2008年建,塔楼
6,书香名邸 精装三房 南北通透 可拎包入住,162万,单价11018元/平米,3室2厅,147.04平米,南 北,精装,中楼层(共11层),2006年建,板楼
7,公务员小区，周正两房，中间楼层视野好,97.9万,单价10627元/平米,2室2厅,92.13平米,东南,精装,中楼层(共18层),2009年建,板楼
8,精装小两房，全套家具家电，拎包入住,63万,单价12400元/平米,2室1厅,50.81平米,南,精装,高楼层(共26层),2013年建,塔楼
9,地铁口精装公寓房 天然气入户 朝南采光好 可看房,38万,单价10463元/平米,1室1厅,36.32平米,南 北,精装,32层,2013年建,板塔结合
10,赤岗岭 花园小区 电梯三房两厅 毛坯可自行装修,132万,单价10289元/平米,3室2厅,128.3平米,南 北,毛坯,高楼层(共18层),2006年建,板楼
11,省直公务员小区 大三房 小区中间位置,123万,单价8767元/平米,3室1厅,140.31平米,南 北,简装,低楼层(共27层),2009年建,塔楼
12,马王堆商圈 左岸右岸 交通方便 格局好 正地铁口,90万,单价8327元/平米,2室2厅,108.09平米,南,精装,低楼层(共24层),2009年建,塔楼
13,上海城朝东正规一室一厅 视野采光好 户型周正,52万,单价9877元/平米,2室1厅,52.65平米,东,简装,中楼层(共33层),2006年建,塔楼
14,五矿万境水岸 精装修小三房 环境优美,130万,单价14466元/平米,3室2厅,89.87平米,南 北,精装,低楼层(共34层),2013年建,板塔结合
15,武广新城，星城映象 中间位置2房，随时看房，房东诚心,93万,单价11312元/平米,2室1厅,82.22平米,南,精装,低楼层(共17层),2010年建,板塔结合
16,中间楼层两房  自住精装 交通方便,51.8万,单价7735元/平米,2室1厅,66.97平米,南,精装,中楼层(共7层),2004年建,板楼
17,武广商圈，运达230平精装4房，地铁50米，视野好,550万,单价23914元/平米,4室2厅,230平米,南 北,精装,中楼层(共32层),2012年建,板楼
18,南北通透精装修三房 拎包入住 枫树山,175万,单价11007元/平米,3室2厅,159平米,南 北,精装,中楼层(共15层),2007年建,板楼
19,武广新城 茂华国际湘 中上楼层采光好 户型周正,91.8万,单价10898元/平米,2室2厅,84.24平米,南,精装,高楼层(共26层),2013年建,板塔结合
20,雨花亭  电梯三房只卖90万 户型好 楼层佳 看房方便,90万,单价10065元/平米,3室2厅,89.42平米,南,精装,高楼层(共34层),2009年建,塔楼
21,房子户型周正 南北朝向 央企大盘 素质小区 环境优美,129万,单价14799元/平米,3室2厅,87.17平米,南,精装,中楼层(共26层),2013年建,板塔结合
22,书香名邸正规小两房 户型周正 中高楼层 适合居家,92.8万,单价12970元/平米,2室2厅,71.55平米,东南,精装,高楼层(共11层),2006年建,板塔结合
23,房子全新未入住！！！全新空房 中间楼层！！！,118万,单价12843元/平米,3室2厅,91.88平米,东 南,精装,中楼层(共34层),2013年建,板塔结合
24,中间楼层 户型朝南  采光充足  精装修  有暖气,128万,单价10221元/平米,3室2厅,125.24平米,南,精装,中楼层(共32层),2011年建,板楼
25,高桥商圈三房诚出售 看房方便  中间小区 纯板楼,127万,单价9950元/平米,3室2厅,127.65平米,南,简装,高楼层(共9层),2007年建,板塔结合
26,带车位，清水毛坯 大4房  地铁近 圭塘河风光带 视野佳,149.8万,单价10044元/平米,4室2厅,149.15平米,南 北,毛坯,中楼层(共26层),2011年建,板塔结合
27,地铁口  小区环境好 安静 装修好可做婚房 户型好,111.5万,单价10075元/平米,3室2厅,110.68平米,南,精装,高楼层(共18层),2012年建,板塔结合
28,朝南户型 业主诚心 上河国际C区,95.8万,单价10577元/平米,2室1厅,90.58平米,南,精装,低楼层(共25层),2005年建,板塔结合
29,雨花亭商圈 方正一房 业主诚心出售,42万,单价10003元/平米,1室0厅,41.99平米,东,简装,高楼层(共33层),2006年建,塔楼
30,二 四 五 号线 地铁口  楼下砂子塘 沙湾公园旁,188万,单价13516元/平米,4室2厅,139.1平米,南,精装,高楼层(共18层),2007年建,板楼
31,业主诚心，精装大四房，采光好，无遮挡,180万,单价13180元/平米,4室2厅,136.58平米,南 北,简装,低楼层(共34层),2012年建,塔楼
32,买一层，得两层的房子，你还犹豫什么？,140万,单价10775元/平米,4室2厅,129.94平米,南 北,精装,高楼层(共16层),2006年建,板塔结合
33,五矿一期140平大四房  全房中 央空调 户型周正 随时看,230万,单价16699元/平米,4室2厅,137.74平米,东 南,精装,中楼层(共34层),2013年建,板塔结合
34,人民路 友阿百货 地铁口 颐美园 花园小区 精装三房,148万,单价10883元/平米,3室2厅,136平米,南,精装,低楼层(共16层),2001年建,板楼
35,复式格局  正地铁口 湘雅附二 火车站商圈 园林绿化,50万,单价11559元/平米,2室1厅,43.26平米,北,精装,中楼层(共21层),2009年建,塔楼
36,房子朝南户型，业主自住装修，改善小两房,80万,单价11678元/平米,2室2厅,68.51平米,南,精装,低楼层(共27层),2010年建,板塔结合
37,6号线正地铁口 浏阳河边双公园 精装两房 双阳台,82万,单价11022元/平米,2室1厅,74.4平米,西,精装,中楼层(共23层),2011年建,板塔结合
38,业主急售 自住装修 看房方便 满五唯一 格局好,113万,单价10511元/平米,3室2厅,107.51平米,南,精装,低楼层(共11层),2013年建,板塔结合
39,东塘居家装修复式楼 水吧 运动房样样俱全带ZY空调,226万,单价9133元/平米,5室2厅,247.48平米,南,精装,高楼层(共11层),2004年建,塔楼
40,房子满四年，业主自己精装修，带一个大露台，,111万,单价11444元/平米,3室2厅,97平米,南 北,精装,低楼层(共16层),2012年建,板塔结合
41,此房南北通透，南北双阳台，装修好,170万,单价12538元/平米,4室2厅,135.59平米,南,精装,低楼层(共32层),2013年建,板塔结合
42,降价68万！3条地铁口 精装复式2层 高品质低密度小洋房,210万,单价10937元/平米,5室3厅,192.02平米,南 北,精装,高楼层(共5层),2007年建,板楼
43,红星德思勤 枫树山 精装大4房  小区自带幼儿园,142.8万,单价11518元/平米,4室2厅,123.98平米,南 北,精装,高楼层(共31层),2011年建,塔楼
44,正规三房！格局周正!罕见户型！满五唯一！,111.8万,单价8626元/平米,3室2厅,129.62平米,南 北,精装,低楼层(共16层),2007年建,板楼
45,左家塘 火车站 颐美园 朝南大三房 全屋暖气片 有车库,143万,单价10521元/平米,3室2厅,135.93平米,南,简装,低楼层(共16层),2001年建,板楼
46,海拔东方小三房，正地铁口，总价低于同级三房，急售！,103.9万,单价10710元/平米,3室2厅,97平米,南 西,精装,高楼层(共32层),2011年建,板楼
47,清水毛坯 周正四房  中高楼层  采光通风好,139.8万,单价11215元/平米,4室2厅,124.66平米,南,毛坯,中楼层(共32层),2014年建,板塔结合
48,融科二期 全新装修从未入住 南北通透 省个税 另有车位,188万,单价13566元/平米,4室2厅,138.59平米,南 北,精装,中楼层(共32层),2013年建,板塔结合
49,红本在手，五矿品质高楼层，通透好户型，满五唯一。,138万,单价14918元/平米,3室2厅,92.51平米,南 北,精装,高楼层(共34层),2013年建,板塔结合
50,小三房，朝南户型采光好视野无遮挡，交通便利,88万,单价9081元/平米,3室2厅,96.91平米,南,简装,高楼层(共18层),2008年建,板楼
51,绿荫家园，低楼层加露台优质三房,85万,单价7204元/平米,3室2厅,118平米,南 北,精装,低楼层(共7层),2004年建,板楼
52,左家塘 曙光大邸 视野广阔 交通方便 配套成熟,98万,单价9825元/平米,2室2厅,99.75平米,南,精装,中楼层(共16层),2006年建,板塔结合
53,颐美园 火车站商圈 花园小区诚心出售,150万,单价11364元/平米,3室2厅,132平米,南,简装,中楼层(共12层),2001年建,板塔结合
54,公务员小区  精装4房  枫树山  机关幼儿园,178万,单价10102元/平米,4室2厅,176.21平米,南,简装,低楼层(共18层),2009年建,板楼
55,阳光锦城 砂子塘 南北通透三房 3+1 户型周正,260万,单价18503元/平米,3室2厅,140.52平米,南 北,毛坯,高楼层(共32层),2013年建,板楼
56,年底不买房，一年又白忙！买个大三房，搞定丈母娘。,78万,单价7788元/平米,3室2厅,100.16平米,南 北,精装,中楼层(共7层),2006年建,板楼
57,房子南北通透，户型好，采光好，简单装修，房东急售,129.8万,单价10384元/平米,3室2厅,125平米,南 北,简装,低楼层(共17层),2012年建,板塔结合
58,小区环境好，中楼层好，单价低，适合居家,52.8万,单价7051元/平米,2室2厅,74.89平米,南,简装,高楼层(共6层),1984年建,板楼
59,南北通透.纯板楼.满五唯.一.高档装修.拎包入住.,135万,单价10368元/平米,3室2厅,130.22平米,南 北,精装,高楼层(共10层),2007年建,板楼
60,居家精装修，业主诚心出售，中间楼层视野好,93万,单价11130元/平米,2室1厅,83.56平米,南 北,精装,中楼层(共31层),2009年建,板塔结合
61,瑞宁花园 刚需朝南两房 中层采光好 拎包入住,101万,单价11893元/平米,2室1厅,84.93平米,南,精装,中楼层(共33层),2008年建,塔楼
62,汽车南站 双层大复式 带车位 纯清水毛坯 钥匙在手,170万,单价8680元/平米,4室2厅,195.87平米,南,毛坯,高楼层(共23层),2010年建,板塔结合
63,临港岛路！！！靠融圣国际！带阁楼出售,69万,单价7748元/平米,2室2厅,89.06平米,南 北,简装,高楼层(共7层),2004年建,板楼
64,地铁口4号线 沙湾公园旁自住装修9层新直接拎包入住,148万,单价12033元/平米,3室2厅,123平米,南,精装,低楼层(共33层),2012年建,板塔结合
65,德思勤一房公寓，温馨装修，欢迎带看,59.8万,单价11075元/平米,1室1厅,54平米,南,简装,低楼层(共31层),2015年建,板塔结合
66,湘银公寓 中间楼层 满五唯一 价格美丽,68万,单价7457元/平米,3室1厅,91.19平米,东南,精装,中楼层(共7层),2003年建,板楼
67,满五唯一通透两居室，精装修拎包入住业主诚心出售,103万,单价11984元/平米,2室2厅,85.95平米,南,精装,中楼层(共26层),2013年建,板塔结合
68,美联天骄二期，小区中间位置，中间楼层。,139万,单价10096元/平米,3室2厅,137.69平米,南 北,精装,中楼层(共12层),2007年建,板塔结合
69,架空一楼，装修好户型正~稀有两房~房价格低,62万,单价7865元/平米,2室2厅,78.84平米,南,精装,低楼层(共8层),1995年建,塔楼
70,精装两房 两卧朝南 采光充足 中间楼层 拎包入住,60万,单价8619元/平米,2室2厅,69.62平米,南,精装,中楼层(共8层),1992年建,板楼
71,此房小区中间位置 楼层好 做周正四房 清水毛坯,115万,单价12922元/平米,4室2厅,89平米,南,毛坯,低楼层(共32层),2014年建,板塔结合
72,树木岭商圈，交通方便，配套成熟，近地铁，低楼层,102.4万,单价8713元/平米,3室2厅,117.43平米,南,简装,低楼层(共6层),2002年建,板塔结合
73,韶山南路一房一厅 随时看房 拎包入住,52万,单价9517元/平米,1室1厅,54.64平米,南,简装,中楼层(共28层),2010年建,板塔结合
74,武广板块地铁口物业，诚心出售！,140万,单价11077元/平米,3室2厅,126.39平米,南 北,精装,中楼层(共17层),2013年建,板楼
75,汇都公寓 单价九千多 房东自住精装修,116万,单价9134元/平米,3室2厅,127平米,南,精装,中楼层(共33层),2010年建,塔楼
76,泊爱蓝湾  满五唯一省个税  户型周正,140万,单价11862元/平米,3室2厅,118.03平米,南,精装,中楼层(共28层),2013年建,板楼
77,楼层好 采光好 诚信出售 南北对流,218万,单价13295元/平米,4室1厅,163.98平米,南,精装,中楼层(共33层),2008年建,塔楼
78,电梯房 格局周正 居家舒适 采光通风良好,125万,单价8808元/平米,4室2厅,141.92平米,南,精装,低楼层(共15层),2011年建,塔楼
79,左家塘桂花公园商圈  花园式小区 人车分流 安居佳选,160万,单价11595元/平米,3室2厅,138平米,南 北,精装,中楼层(共33层),2008年建,塔楼
80,上河国际B区精装修3房 诚心出售,85万,单价8205元/平米,3室1厅,103.6平米,南,精装,30层,2007年建,板塔结合
81,58万装修 带地暖 雅致五房 一直自住保养好,192万,单价12797元/平米,5室2厅,150.04平米,南,精装,低楼层(共28层),2013年建,塔楼
82,优山美地 三居室两卫  40万精装  价格可议,135万,单价11812元/平米,3室2厅,114.3平米,南 北,精装,高楼层(共17层),2013年建,板楼
83,汽车南站旁，精装3房南北双阳台，中间楼层长郡雨外,86.8万,单价9753元/平米,3室2厅,89平米,南,精装,中楼层(共18层),2012年建,板塔结合
84,雨花亭 阳光锦城 朝南两房 自住装修,155万,单价17033元/平米,2室2厅,91平米,南,精装,低楼层(共31层),2013年建,板楼
85,精装3房、配套成熟、环境舒适、南北朝向、中间楼层,121.8万,单价12518元/平米,3室2厅,97.3平米,南 北,精装,中楼层(共18层),2012年建,板塔结合
86,沙湾公园，2号地铁，保利mall，高铁站,78.8万,单价11046元/平米,2室2厅,71.34平米,南,精装,低楼层(共25层),2013年建,板楼
87,正规四房，居家中式装修，采光无遮挡，诚心出售。,148.8万,单价11919元/平米,4室2厅,124.85平米,南 北,精装,低楼层(共32层),2014年建,板塔结合
88,此房所在小区交通便利 看房方便 采光充足,39万,单价8379元/平米,1室1厅,46.55平米,南,简装,高楼层(共30层),2009年建,板塔结合
89,居家精装 楼层好 户型周正 朝向好 房东诚心 价格好,45万,单价8461元/平米,2室1厅,53.19平米,南 北,精装,中楼层(共6层),1993年建,板楼
90,沙湾公园正规两房    朝小区里面  位置好  随时看房,79万,单价11389元/平米,2室2厅,69.37平米,南,简装,低楼层(共17层),2013年建,板楼
91,市中芯雨花亭金装三房 南北通透 户型周正,208.8万,单价18658元/平米,3室2厅,111.91平米,南 北,精装,高楼层(共31层),2013年建,板楼
92,满五唯一省个税 高层视野开阔 明厨明卫 必卖好房,127.2万,单价10000元/平米,3室1厅,127.2平米,南,精装,高楼层(共11层),2006年建,板塔结合
93,德思勤商圈毛坯三居室 公摊小 满五唯一省个税,86万,单价9388元/平米,3室2厅,91.61平米,南,毛坯,高楼层(共17层),2012年建,板塔结合
94,香樟路单位房 楼层好 有加 建面积,65.5万,单价8492元/平米,4室2厅,77.14平米,南 北,精装,低楼层(共7层),1995年建,塔楼
95,满五唯一  毛坯三房  桂花树  雅礼,96万,单价10560元/平米,3室2厅,90.91平米,南,毛坯,低楼层(共34层),2012年建,板塔结合
96,满五唯一省个税 双水湾自住精装两房 带露台 得房率高,92.8万,单价11589元/平米,2室2厅,80.08平米,南,精装,低楼层(共33层),2011年建,板塔结合
97,满五唯一 通透大三房 * 采光好,121万,单价11139元/平米,3室2厅,108.63平米,南,简装,高楼层(共33层),2011年建,板塔结合
98,景环小区，精装二房，中间楼层，房东诚心出售,72万,单价7347元/平米,2室2厅,98平米,南 北,精装,低楼层(共11层),2009年建,塔楼
99,武广精装小三房公摊小 得房率高 视野采光通风户型周正,112万,单价12673元/平米,3室1厅,88.38平米,南,精装,高楼层(共31层),2011年建,板塔结合
100,沙湾公园旁小高层三房，拎包入住，双地铁,125万,单价11116元/平米,3室2厅,112.46平米,南,精装,高楼层(共24层),2013年建,板楼
101,满五唯一 城南故事 中间楼层 看房方便 拎包入住,102万,单价11087元/平米,2室2厅,92平米,南,精装,高楼层(共30层),2011年建,板塔结合
102,中间楼层 花园小区 采光好 户型周正 业主诚心出售,205万,单价15263元/平米,3室2厅,134.32平米,南,简装,低楼层(共28层),2006年建,板塔结合
103,上海城二期 南北通透大三房 业主诚心出售,132.8万,单价9688元/平米,3室2厅,137.09平米,南 北,简装,低楼层(共32层),2009年建,塔楼
104,业主诚心出售好房，价格可谈！！！！！,66万,单价8813元/平米,2室1厅,74.89平米,南,简装,高楼层(共28层),2011年建,板塔结合
105,业主急售 拎包入住 中高楼层 配套成熟,29.3万,单价9365元/平米,1室0厅,31.29平米,北,简装,高楼层(共24层),2009年建,塔楼
106,砂子 塘低楼层两房指标未占用双证在手产权清晰,86万,单价11778元/平米,2室2厅,73.02平米,南 北,精装,中楼层(共5层),1990年建,板楼
107,东塘CBD 东塘瑞府 繁华商圈 朝南户型 带阳台,54万,单价12559元/平米,1室1厅,43平米,东南,精装,低楼层(共34层),2011年建,塔楼
108,雨花亭 都市兰亭 精装3房出售 户型周正 看房方便,108万,单价12037元/平米,3室2厅,89.73平米,南,精装,中楼层(共32层),2013年建,塔楼
109,韶山南路采光通风很棒，业主自住装修限购，出售此房,39.8万,单价9372元/平米,1室1厅,42.47平米,北,精装,低楼层(共30层),2009年建,板塔结合
110,人民东路精装一房独立厨卫带阳台,50万,单价9900元/平米,1室0厅,50.51平米,西,精装,中楼层(共24层),2009年建,塔楼
111,东塘板块 桂花公园 小家碧玉桂竹苑大两室两厅一卫,77.8万,单价8214元/平米,2室2厅,94.72平米,南,精装,中楼层(共18层),2005年建,塔楼
112,离地铁四号线赤岗岭站100米 正规大两房 安静 适合居家,85.8万,单价8172元/平米,2室2厅,105平米,南,简装,中楼层(共7层),2004年建,板楼
113,此房屋中间楼层采光好，前面无遮挡，业主诚心卖,55万,单价9650元/平米,1室1厅,57平米,南,简装,中楼层(共28层),2014年建,板塔结合
114,井湾子为数不多一楼，下面有架空，精装两房，拎包可住,68.8万,单价8665元/平米,2室2厅,79.4平米,南 北,精装,低楼层(共6层),2006年建,板楼
115,凯乐湘园精装俩房，此房户型周正，全朝南户型,97万,单价11086元/平米,2室2厅,87.5平米,南,简装,中楼层(共18层),2008年建,板塔结合
116,泰禹家园一期 中间楼层 诚心出售,103.8万,单价9612元/平米,3室2厅,108平米,东南,精装,中楼层(共17层),2005年建,板塔结合
117,铁道学院，交通便利，地段繁华，诚心出售,83万,单价7162元/平米,3室2厅,115.9平米,东南,简装,高楼层(共7层),2002年建,板塔结合
118,自住精装3房 中间楼层 全套家具家电 适合居家,115.8万,单价12452元/平米,3室2厅,93平米,南,精装,中楼层(共33层),2013年建,塔楼
119,装修保养好，电梯小高层， 小区中间位置，有指标,168万,单价13659元/平米,3室2厅,123平米,南,精装,低楼层(共18层),2012年建,板塔结合
120,香颂国际经典一室一厅出售拎包入住,41万,单价9154元/平米,1室1厅,44.79平米,南,精装,中楼层(共30层),2009年建,板塔结合
121,高楼层，视野开阔，户型周正，采光通透,30.5万,单价8643元/平米,1室1厅,35.29平米,南,简装,高楼层(共34层),2009年建,塔楼
122,视野宽阔，采光充足，交通出行方便,39万,单价6511元/平米,2室2厅,59.9平米,南,简装,高楼层(共7层),2008年建,板楼
123,喜盈门/雨花区政府旁 天赐良园大两房 满五唯一 地铁口,70万,单价9642元/平米,2室1厅,72.6平米,南,简装,中楼层(共11层),2010年建,板塔结合
124,星城映象 武广新城 长沙大道 砂子塘明昇 10万精装一房,45万,单价9273元/平米,1室1厅,48.53平米,北,精装,中楼层(共18层),2010年建,板塔结合
125,万科东边户两房，带燃气入户，附带万科品质物业！！！,93万,单价13514元/平米,2室2厅,68.82平米,东,精装,中楼层(共23层),2013年建,板塔结合
126,地铁口旁  精装温馨单身公寓   小区环境优美,30.8万,单价8509元/平米,1室1厅,36.2平米,西南,精装,高楼层(共15层),2006年建,板塔结合
127,中意花苑  业主自住  市妇幼  满五唯一,65万,单价7739元/平米,2室2厅,84平米,南 北,简装,中楼层(共8层),1997年建,塔楼
128,朝南户型，居家装修，中间楼层，诚心出售,82万,单价11715元/平米,2室1厅,70平米,南 北,精装,中楼层(共17层),2013年建,板楼
129,王家冲2楼好房，精装修拎包入住,48.8万,单价8443元/平米,2室1厅,57.8平米,南,精装,低楼层(共6层),2006年建,板楼
130,居家装修，湖景房，人车分流，环境优美。,78万,单价9527元/平米,2室2厅,81.88平米,南,精装,高楼层(共29层),2013年建,板塔结合
131,自住精装三房 带万科物业！！！,119万,单价13282元/平米,3室2厅,89.6平米,东南,精装,高楼层(共34层),2013年建,板塔结合
132,东塘 桂花公园  地铁口旁 牛角塘 门卫院子 中间楼层,72万,单价9351元/平米,3室2厅,77平米,东南,精装,中楼层(共5层),2000年建,板楼
133,雨花亭 桔园小区平地三楼 两房出售,48万,单价6642元/平米,2室2厅,72.27平米,南,简装,中楼层(共6层),1989年建,板塔结合
134,电梯房，业主自住精装，房东诚心出售，随时看房,72万,单价8182元/平米,2室2厅,88平米,南,精装,高楼层(共18层),2009年建,塔楼
135,地铁口旁精装3房 首付30万 中间楼层保养很好带,91.8万,单价10726元/平米,3室2厅,85.59平米,北,精装,中楼层(共29层),2012年建,板塔结合
136,朝阳银座  友阿百货   步步高,63万,单价11514元/平米,2室2厅,54.72平米,南,精装,20层,2005年建,板塔结合
137,武功板块 实用四房  坐北朝南  全明户型,120万,单价10527元/平米,4室2厅,114平米,南,简装,高楼层(共17层),2013年建,板楼
138,雨花亭，电梯房，两房一厅，免物业费。,46.6万,单价8962元/平米,2室1厅,52平米,南,简装,中楼层(共8层),2006年建,板楼
139,单价九千.温馨精装.中间楼层.拎包入住,31万,单价8116元/平米,1室0厅,38.2平米,南,精装,中楼层(共34层),2009年建,塔楼
140,韶山北路355号小区，正规的俩房，业主诚心出售,36.8万,单价7255元/平米,2室1厅,50.73平米,南 北,简装,低楼层(共1层),1996年建,板楼
141,汽车南站 佳天名苑 精装三房 地段位置出行便利,80万,单价8170元/平米,3室2厅,97.92平米,南 北,精装,低楼层(共18层),2012年建,板楼
142,绿城精装好房 中间位置 复式楼采光佳 价格1.1万,205万,单价9456元/平米,4室2厅,216.8平米,南,精装,高楼层(共5层),2007年建,板楼
143,市妇幼旁 电梯两房一厅 装修带家电 即买即住,50万,单价7353元/平米,2室1厅,68平米,东南,其他,低楼层(共25层),2006年建,塔楼
144,五矿少有小高层，四房带双阳台，中间楼层东边户。,210万,单价14894元/平米,4室2厅,141平米,南 北,毛坯,高楼层(共18层),2013年建,板塔结合
145,雨花亭商圈 黄土岭 一号线四号线 交通便利,50万,单价8651元/平米,2室1厅,57.8平米,南,简装,高楼层(共7层),2001年建,板楼
146,中和央空调全屋硅藻泥   35万精装  保养很好 随时看房,205万,单价16169元/平米,3室2厅,126.79平米,南,精装,中楼层(共34层),2013年建,塔楼
147,东江水电站单位房  中yang空调  电梯毛坯大五房,180万,单价9451元/平米,5室2厅,190.46平米,南,毛坯,中楼层(共12层),2003年建,板楼
148,业主诚心出售，随时看房。厅、房朝南、周正两房,90万,单价10651元/平米,2室2厅,84.5平米,南,简装,低楼层(共18层),2012年建,板塔结合
149,坐北朝南周正三房，精致装修，业主自住,130万,单价9735元/平米,3室2厅,133.55平米,南,精装,高楼层(共16层),2005年建,板楼
150,精装大四房，视野无阻，中间楼层！拎包入住！,150万,单价9689元/平米,4室2厅,154.83平米,南 北,精装,中楼层(共18层),2010年建,板塔结合
151,上海城少有南北通透的四房毛坯，可任由您自由发挥！,145万,单价11051元/平米,4室2厅,131.21平米,南 北,毛坯,高楼层(共33层),2010年建,塔楼
152,上海城，交通便利，拎包入住，户型周正,160万,单价12404元/平米,4室2厅,129平米,南,精装,高楼层(共32层),2009年建,塔楼
153,此房满五年，业主自住装修，居家舒适，出行方便,149.8万,单价9269元/平米,4室2厅,161.62平米,南 北,精装,低楼层(共17层),2007年建,塔楼
154,地理位置优越  业主诚心 可拎包入住,46万,单价8680元/平米,1室0厅,53平米,南,简装,中楼层(共33层),2008年建,塔楼
155,汽车南站，时代阳光大道，高楼层采光好，户型通透居家,86万,单价9813元/平米,2室2厅,87.64平米,南,精装,高楼层(共33层),2011年建,板塔结合
156,井湾子商圈装修三房，南北通透的户型，小区中间位置,88万,单价7274元/平米,3室2厅,120.98平米,南 北,简装,中楼层(共7层),2005年建,板楼
157,精装修三卧带独立卫生间，四面采光。,229万,单价14318元/平米,3室2厅,159.94平米,南 北,精装,中楼层(共17层),2008年建,板楼
158,欧莱雅郡豪，装修，附带地下室和车库100平家具家电,228万,单价15878元/平米,4室2厅,143.6平米,南 北,精装,中楼层(共5层),2015年建,板塔结合
159,金凤滩家园 简单装修  户型周正 小区环境好,145万,单价8224元/平米,4室2厅,176.32平米,南,简装,低楼层(共18层),2007年建,塔楼
160,融科经典大户型毛坯，业主诚心出售。,369万,单价14226元/平米,6室3厅,259.4平米,南,毛坯,中楼层(共31层),2012年建,塔楼
161,星城世家 南北通复试楼 简单装修 位置安静,290万,单价12132元/平米,7室3厅,239.05平米,南 北,简装,高楼层(共5层),2007年建,板楼
162,高桥商圈 东二环 中江锦城 两室一厅拎包入住，有钥匙,58万,单价7733元/平米,2室1厅,75.01平米,南,简装,高楼层(共7层),2003年建,板楼
163,08年佳天瑞宁花园+二环内去哪都方便+精装修+人车分流,228万,单价13905元/平米,4室2厅,163.98平米,南 北,精装,中楼层(共33层),2008年建,塔楼
164,绿城桂花城 纯毛坯 看房方便 业主诚心,275万,单价10510元/平米,5室2厅,261.66平米,南 北,毛坯,高楼层(共5层),2007年建,板塔结合
165,万家城 小区中间位置毛坯三房  次新小区环境绿化好,140万,单价11090元/平米,3室2厅,126.25平米,南 北,毛坯,中楼层(共17层),2013年建,板塔结合
166,2号线地铁 融科檀香山二期 南北通透安静4+1房 精装修,260万,单价14558元/平米,5室2厅,178.6平米,南 北,精装,33层,2012年建,板塔结合
167,尚东 万科西街花园 地铁口 精装修 大露台 诚心卖,130万,单价16122元/平米,2室2厅,80.64平米,南 北,精装,高楼层(共6层),2008年建,板楼
168,香樟路两房，采光好，视野开阔，交通便利。,65万,单价8115元/平米,2室1厅,80.1平米,南 北,简装,高楼层(共6层),2006年建,板楼
169,视野开阔 南北通透 办公居家都可以的大三房,215万,单价16007元/平米,4室1厅,134.32平米,南 北,简装,中楼层(共28层),2006年建,板塔结合
170,树林岭商圈 双铁口 交通便捷 业主自住精装修 居住舒适,95万,单价9413元/平米,2室2厅,100.93平米,南,精装,高楼层(共18层),2007年建,塔楼
171,低总价华盛四房 位置安静 南北通透,168万,单价9535元/平米,4室2厅,176.21平米,南 北,毛坯,低楼层(共18层),2009年建,板楼
172,武广新城精装大三房 楼栋安静中间楼层 采光视野好,204万,单价13947元/平米,3室2厅,146.27平米,南,精装,中楼层(共9层),2007年建,板楼
173,雨花亭  阳光锦城 户型周正 看房方便 朝北 诚心出售,95万,单价19380元/平米,2室1厅,49.02平米,南,精装,中楼层(共31层),2013年建,板楼
174,新出好房 自住装修 可随时看房保养的很好拎包入住,65万,单价9028元/平米,2室2厅,72平米,南,精装,高楼层(共8层),2007年建,板楼
175,书香名邸 三卧室朝南 采光好 交通便利 配套成熟,180万,单价13055元/平米,4室2厅,137.88平米,南 北,精装,中楼层(共12层),2006年建,板塔结合
176,此房满五唯一 自主装修可拎包入住 中间楼层采光通风好,130万,单价8784元/平米,3室2厅,148平米,南,精装,29层,2008年建,板塔结合
177,东方新世界左家塘商圈小三房，精装诚心出售，产证在手,120万,单价12122元/平米,3室2厅,99平米,东 南,精装,高楼层(共30层),2005年建,塔楼
178,采光楼层好、户型周正、享植物园圭塘公园两大公园美景,140万,单价10918元/平米,3室2厅,128.23平米,南,毛坯,中楼层(共25层),2011年建,塔楼
179,融科珍贵户型，很好的楼层视野、通风好,155万,单价15657元/平米,3室2厅,99平米,南,毛坯,高楼层(共34层),2012年建,塔楼
180,新城新世界经典小三房 南北通透 全房带地暖,110万,单价12183元/平米,3室2厅,90.29平米,南 北,精装,高楼层(共18层),2009年建,板塔结合
181,上海城少有南北通透的四房毛坯，可任由您自由发挥。,150万,单价11355元/平米,4室2厅,132.11平米,南 北,毛坯,高楼层(共33层),2010年建,塔楼
182,南北通透双阳台，户型周正，清水毛坯,172万,单价12858元/平米,3室2厅,133.77平米,南 北,毛坯,高楼层(共26层),2013年建,板塔结合
183,鲁班奖品质小洋房，纯毛坯，有电梯，南北通透，1梯2户,265万,单价15946元/平米,5室2厅,166.19平米,南 北,毛坯,低楼层(共9层),2007年建,板楼
184,德思勤 商圈  公摊小  位置好 单价5800的大四房,94万,单价5636元/平米,4室2厅,166.81平米,南 北,简装,高楼层(共6层),2007年建,板楼
185,床单厂宿舍，使用面积大，居家舒适 楼层合适,50.8万,单价8008元/平米,2室1厅,63.44平米,南,精装,低楼层(共7层),2006年建,塔楼
186,湘樟家园朝北电梯小两房采光通风良好,50万,单价9058元/平米,2室1厅,55.2平米,北,简装,中楼层(共18层),2008年建,板楼
187,鑫天御景湾周正三房，朝南户型，双主卧格局，清水毛坯,140万,单价11583元/平米,3室2厅,120.87平米,南,毛坯,中楼层(共26层),2013年建,板塔结合
188,景观视野，三房两卫，精装修带地暖，拧包入住,153万,单价15374元/平米,3室2厅,99.52平米,南,精装,高楼层(共34层),2012年建,塔楼
189,业主自住精装 全新装修 南北通透户型 经典小三房,117万,单价12949元/平米,3室2厅,90.36平米,南 北,精装,中楼层(共33层),2011年建,板塔结合
190,东塘商圈，200米地铁口，三层复式，带顶楼露台,238万,单价10439元/平米,5室2厅,228平米,南,精装,高楼层(共10层),2005年建,板楼
191,桂花公园  天韵家园  南北通透大三房 居家装修,68万,单价6578元/平米,3室2厅,103.38平米,南 北,简装,高楼层(共7层),2003年建,塔楼
192,铁道学院旁 竹塘中路 金凤滩家园 精装两室 低楼层,100万,单价10912元/平米,2室2厅,91.65平米,南 北,简装,低楼层(共18层),2010年建,塔楼
193,简装大四房  业主诚心出售 中楼层,128万,单价8102元/平米,4室2厅,158平米,南 北,简装,低楼层(共18层),2008年建,板楼
194,新盛珑璟台 4室2厅 140万,140万,单价10874元/平米,4室2厅,128.75平米,南 北,毛坯,中楼层(共31层),2011年建,板塔结合
195,此房为大四房，南北通透、视野、采光好，不靠马路,210万,单价13402元/平米,4室2厅,156.7平米,南 北,毛坯,低楼层(共34层),2013年建,板塔结合
196,华达家园 高层采光足 随时看房,85万,单价8081元/平米,3室2厅,105.19平米,南,简装,高楼层(共7层),2002年建,塔楼
197,此房满五唯一 可以省2%的个税 装修为出租简单装修,115万,单价12722元/平米,3室2厅,90.4平米,南,简装,高楼层(共32层),2014年建,板塔结合
198,满五唯一，带50平大阁楼，视野开阔，得房率高,95万,单价8327元/平米,5室3厅,114.09平米,南 北,精装,高楼层(共6层),2006年建,板楼
199,上海城精装大三房，户型周正，楼层适中,138万,单价12106元/平米,3室1厅,114平米,南,精装,低楼层(共25层),2009年建,塔楼
200,诚心出售 南北对流 采光好  三房,82.8万,单价8856元/平米,3室2厅,93.5平米,南 北,精装,高楼层(共8层),1985年建,板楼
201,莲湖居家装修2房 楼层好 南北通透  配套成熟,68万,单价8185元/平米,2室2厅,83.08平米,南 北,简装,中楼层(共6层),2008年建,板楼
202,汽车南站电力局单位房 环境优雅 经典毛坯,167万,单价9330元/平米,5室2厅,179平米,南,毛坯,中楼层(共18层),2008年建,板楼
203,湘府十城 地铁5号线湘府路口 植物园旁,265万,单价15289元/平米,5室2厅,173.33平米,东南,精装,中楼层(共32层),2014年建,板楼
204,喜盈门范城，德馨园，满五唯一，带杂物间出售！！！,70万,单价8197元/平米,2室2厅,85.4平米,南,简装,高楼层(共6层),2010年建,板楼
205,华盛世纪新城清水毛坯，有11平方米阳台！,85万,单价9290元/平米,2室2厅,91.5平米,南 北,毛坯,高楼层(共18层),2009年建,板塔结合
206,雨花亭商圈 万博汇 小户型 带阳台 带指标,89.8万,单价17505元/平米,1室1厅,51.3平米,西北,简装,低楼层(共32层),2010年建,板塔结合
207,主卧带阳台，客厅落地窗设计。采光好，无遮挡。,91.6万,单价11071元/平米,2室2厅,82.74平米,南 北,精装,高楼层(共18层),2010年建,板塔结合
208,世纪桃花苑之苹果印象 4室2厅 150万,150万,单价9722元/平米,4室2厅,154.3平米,南,其他,中楼层(共18层),2008年建,板楼
209,凯轩云顶 带燃气小户型 钥匙在手 随时可看,36万,单价8422元/平米,1室0厅,42.75平米,南,简装,中楼层(共28层),2011年建,塔楼
210,*三房 狮子山二片  南北通透  户型周正 拎包入住,60万,单价7848元/平米,2室2厅,76.46平米,南 北,毛坯,高楼层(共7层),2004年建,板楼
211,南北朝向大三房 纯毛坯 繁华地段 带一车库出售,80万,单价6613元/平米,3室2厅,120.98平米,南 北,毛坯,高楼层(共7层),2005年建,板楼
212,上海城大四房 通透性强 采光充足 环境舒适,142万,单价10747元/平米,4室2厅,132.14平米,南 北,毛坯,低楼层(共33层),2010年建,塔楼
213,房东居家自住房，精装修，可拎包入住，业主诚心出售,60万,单价8838元/平米,2室2厅,67.89平米,南,精装,高楼层(共6层),1998年建,板塔结合
214,中意花苑 2室2厅 69万,69万,单价7284元/平米,2室2厅,94.73平米,南,简装,高楼层(共8层),1997年建,板楼
215,高品质洋房 带大露台  户型好 环境优美 从未入住,238万,单价15064元/平米,4室2厅,158平米,南 北,毛坯,中楼层(共4层),2013年建,板楼
216,自住精装修4+1，中.央空调带家电，拎包入住,188万,单价12824元/平米,4室2厅,146.61平米,南 北,精装,低楼层(共34层),2012年建,板塔结合
217,安静新小区，刚需毛坯两房可自由装修，入住率高。,82万,单价10896元/平米,2室1厅,75.26平米,南,毛坯,高楼层(共18层),2011年建,板塔结合
218,万科精装修小三房，业主自住保养得好，配万科物业。,123万,单价13483元/平米,3室2厅,91.23平米,南,精装,高楼层(共34层),2013年建,板塔结合
219,户型周正 采光充足 小区地理位置好 低价出售,92万,单价9819元/平米,3室2厅,93.7平米,南,精装,高楼层(共28层),2010年建,板塔结合
220,高桥西子花苑精装三房急售采光良好,143.8万,单价10985元/平米,3室2厅,130.91平米,南 北,精装,中楼层(共11层),2007年建,板楼
221,树木岭商圈，近地铁，交通方便，配套成熟，中间楼层,90万,单价9080元/平米,3室2厅,99.12平米,南,毛坯,中楼层(共6层),2002年建,板塔结合
222,三江花中城，户型好，南北通透，采光好，交通便利,210万,单价11966元/平米,4室2厅,175.5平米,南 北,精装,低楼层(共16层),2008年建,板楼
223,居家装修大两房，业主诚心出售！,105万,单价11509元/平米,2室1厅,91.24平米,东,精装,中楼层(共30层),2005年建,塔楼
224,友谊路 青园 鑫天山水洲城 精装三房 出售,165万,单价12114元/平米,3室2厅,136.21平米,南 北,精装,中楼层(共17层),2007年建,板塔结合
225,砂子塘社区 正规两房 楼层佳 带指标,100万,单价13141元/平米,2室1厅,76.1平米,南,简装,中楼层(共5层),1997年建,板楼
226,武广新城 中高楼层视野好 诚信售卖,108万,单价12262元/平米,3室2厅,88.08平米,南,精装,中楼层(共17层),2008年建,塔楼
227,业主置换大房子 满五唯一 免个税  看房方便,118万,单价12834元/平米,3室2厅,91.95平米,南,精装,中楼层(共18层),2014年建,板楼
228,友谊路 青园本部 电视机厂南苑 标准两房,65万,单价10437元/平米,2室1厅,62.28平米,南,精装,中楼层(共7层),2001年建,塔楼
229,上海城 2室2厅 108万,108万,单价11282元/平米,2室2厅,95.73平米,南,简装,中楼层(共11层),2003年建,板楼
230,高桥大市场 中江锦城 不临街三房 中高楼层采光好,95万,单价7342元/平米,3室2厅,129.41平米,南 北,简装,中楼层(共7层),2003年建,板楼
231,赤岗冲 锦绣世纪，2011年人车分流小区。,178万,单价11853元/平米,4室2厅,150.18平米,南 北,简装,中楼层(共18层),2011年建,板楼
232,此房是正南正北通透 双阳台  人民东路地铁口,162万,单价12700元/平米,3室2厅,127.56平米,南 北,毛坯,高楼层(共6层),2008年建,板楼
233,小区环境优美 实用三房 拎包入住 看房提前预约,160万,单价12580元/平米,3室2厅,127.19平米,南,精装,低楼层(共34层),2013年建,塔楼
234,华盛世纪新城 毛坯2房*三房 位置安静 中高楼层,96.8万,单价10507元/平米,2室2厅,92.13平米,南,毛坯,高楼层(共18层),2009年建,板楼
235,大三房，南北双阳台，户型周正公摊小,146万,单价10961元/平米,3室2厅,133.21平米,南,简装,低楼层(共17层),2007年建,板塔结合
236,星城映象 居家装修小三房 户型通透,100万,单价11119元/平米,3室1厅,89.94平米,南 北,简装,低楼层(共24层),2010年建,板塔结合
237,户型好毛坯大三房，交通方便，采光充足，通风佳,129.5万,单价11827元/平米,3室2厅,109.5平米,南,毛坯,中楼层(共18层),2012年建,板塔结合
238,南北通透  户型空间利用高 楼层适中 业主诚心,170万,单价12679元/平米,4室2厅,134.09平米,南 北,毛坯,中楼层(共33层),2012年建,塔楼
239,泰禹南北通透清水毛坯大四房 地铁口公园旁,140万,单价9359元/平米,4室2厅,149.6平米,南 北,毛坯,高楼层(共6层),2005年建,板楼
240,赤岗冲居家精装三房 板楼公摊小,120万,单价10257元/平米,3室1厅,117平米,南,精装,中楼层(共9层),2002年建,板塔结合
241,房东诚心出售 三房  位置好 户型周正 近沃尔玛,85万,单价7817元/平米,3室2厅,108.75平米,南,精装,中楼层(共8层),2003年建,板楼
242,凯姆国际 南北三房 随时看房 业主诚心出售,139万,单价11507元/平米,3室2厅,120.8平米,南 北,简装,低楼层(共18层),2011年建,板塔结合
243,左家塘商圈东方新世界，市妇幼旁精装三房，户型周正,118万,单价11612元/平米,3室2厅,101.62平米,东北,精装,高楼层(共30层),2005年建,塔楼
244,电梯房  拎包入住  商圈  交通便利,116.5万,单价8999元/平米,3室2厅,129.46平米,南,精装,高楼层(共11层),2007年建,板楼
245,融科紫檀宽敞明亮5房，人车分流，自带物业管理规范,335万,单价14100元/平米,5室2厅,237.59平米,南,毛坯,26层,2011年建,板楼
246,火车站商圈，家润多超市，湘雅附二医院，友阿百货,185万,单价13153元/平米,4室2厅,140.66平米,南 北,简装,中楼层(共30层),2009年建,塔楼
247,毛坯三居 客厅挑空8.2米 两梯三户 可做五房,158万,单价13282元/平米,3室2厅,118.96平米,南,毛坯,高楼层(共33层),2012年建,板塔结合
248,价格很实在的精装三房 家具家电齐 楼层好 采光好,168万,单价13251元/平米,3室2厅,126.79平米,南,精装,中楼层(共34层),2013年建,塔楼
249,此房格局好 交通便利 房龄新 配套设施完善 诚意出售,150万,单价11628元/平米,3室2厅,129平米,南 北,简装,高楼层(共21层),2011年建,板塔结合
250,卷烟厂单位房 白沙苑 三房 户型周正 诚心出售,93.8万,单价7753元/平米,3室2厅,121平米,南,简装,高楼层(共8层),2002年建,板塔结合
251,单位院子，24小时门卫 ，小区安静，适合居家,61万,单价8233元/平米,2室1厅,74.1平米,南 北,精装,高楼层(共7层),1995年建,暂无数据
252,德思勤植物园汽车南站居家4房红星建材交易市场,78万,单价5262元/平米,4室2厅,148.26平米,南,简装,高楼层(共5层),1991年建,板楼
253,坐北朝南经典大四房，动静分离，出房率低。,210万,单价12884元/平米,4室2厅,163平米,南,精装,低楼层(共28层),2013年建,塔楼
254,闹中取静，视野开阔，价格适中，朝南户型,128万,单价8974元/平米,3室2厅,142.64平米,南,简装,高楼层(共30层),2008年建,板塔结合
255,小区安静，精装两房， 楼栋位置安静,90万,单价9787元/平米,2室2厅,91.96平米,南,简装,高楼层(共17层),2008年建,板塔结合
256,高桥商圈 万家丽 大三房 户型南北通透,120万,单价9887元/平米,3室2厅,121.38平米,南 北,简装,低楼层(共6层),2005年建,板楼
257,武广商圈，毛坯五房，适合居家，看房方便，诚心出售,280万,单价12725元/平米,5室2厅,220.04平米,南 北,毛坯,26层,2011年建,板楼
258,户型周正，绿化环境好，小区安静,110万,单价12382元/平米,3室2厅,88.84平米,南,毛坯,高楼层(共18层),2011年建,塔楼
259,植物园 湘府路南北通透周正三房，地段优越，诚心出售,141.5万,单价11320元/平米,3室2厅,125平米,南 北,精装,低楼层(共18层),2014年建,板楼
260,南北朝向两房一梯两户+小区环境好,90万,单价9679元/平米,2室2厅,92.99平米,南 北,简装,中楼层(共10层),2007年建,板楼
261,2号线地铁  南北通透毛坯三房 带车位 满五唯一,158万,单价11987元/平米,3室2厅,131.81平米,南 北,毛坯,低楼层(共28层),2011年建,板塔结合
262,人民东路 近地铁口 客厅朝南 户型周正采光,187万,单价11104元/平米,4室2厅,168.42平米,南,简装,低楼层(共16层),2008年建,板楼
263,纯毛坯满五唯一，小区中间四面不临街，朝南带双阳台,170万,单价12347元/平米,3室2厅,137.69平米,南,毛坯,中楼层(共18层),2008年建,板楼
264,凯姆国际好房出售 采光充足 配套设施完善 交通便利,140万,单价10999元/平米,3室2厅,127.29平米,南 北,精装,低楼层(共21层),2011年建,板塔结合
265,武广新城 白沙湾嘉园 清水毛坯大五房 南北通透,125万,单价7423元/平米,5室2厅,168.4平米,南 北,毛坯,中楼层(共29层),2010年建,板塔结合
266,三房清水毛坯 户型周正 中间楼层 采光视野好,154万,单价11303元/平米,3室2厅,136.25平米,南,毛坯,中楼层(共33层),2014年建,板塔结合
267,两梯两户板楼 样板间的装修 小高层无遮挡前后看别墅群,249万,单价14654元/平米,4室2厅,169.92平米,南 北,精装,中楼层(共16层),2008年建,板楼
268,树木岭，英郡年华，中间楼层，毛坯三房,115万,单价11856元/平米,3室2厅,97平米,南,毛坯,中楼层(共15层),2012年建,板塔结合
269,满五唯一省个税 南北通透，采光好，业主降价出售,183.5万,单价11710元/平米,4室2厅,156.71平米,南 北,简装,低楼层(共34层),2013年建,板塔结合
270,德思勤 五矿双xue位带地暖 圭塘河边  南北 小三房,126万,单价14515元/平米,3室2厅,86.81平米,南,精装,高楼层(共34层),2013年建,板塔结合
271,便利大三房 自住精致档次装修 中间楼层带整屋空调,159.8万,单价13228元/平米,3室2厅,120.81平米,南,精装,中楼层(共33层),2015年建,板楼
272,橄榄君庭 4+1户型 楼栋位置好 朝小区中间 满五唯一,138万,单价10570元/平米,4室2厅,130.57平米,南 北,简装,低楼层(共29层),2011年建,板塔结合
273,雨花亭商圈  精装两房 中高楼层居住舒适 出行便利,115万,单价11894元/平米,2室2厅,96.69平米,南,精装,高楼层(共32层),2012年建,塔楼
274,雨花亭 凯德广场 阳光锦城 户型周正 看房方便 朝北,89.5万,单价18258元/平米,2室1厅,49.02平米,北,精装,中楼层(共31层),2013年建,板楼
275,牛婆塘社区 2室1厅 46万,46万,单价7618元/平米,2室1厅,60.39平米,南,精装,高楼层(共7层),2001年建,板楼
276,韶山中路 山水花都 正规2房 业主诚心出售,115万,单价12778元/平米,2室2厅,90平米,南,简装,高楼层(共33层),2009年建,塔楼
277,满五唯一 户型方正 采光充足 拎包入住,83.8万,单价9452元/平米,2室1厅,88.66平米,南,简装,低楼层(共18层),2011年建,板楼
278,新城新世界经典小三房、纯毛坯现房、高楼层视野采光好,108万,单价12006元/平米,3室2厅,89.96平米,南 北,毛坯,高楼层(共18层),2007年建,板塔结合
279,此房为中间楼层，采光足，空气好,50万,单价6395元/平米,2室2厅,78.19平米,南,毛坯,低楼层(共34层),2012年建,板楼
280,正东塘商圈，金科园小区，国际幼儿园，低楼层带后院,53万,单价9585元/平米,2室1厅,55.3平米,南,简装,低楼层(共7层),2007年建,板楼
281,武广新城，三江花中城 周正2房，房东诚心，随时看房,110万,单价11516元/平米,2室2厅,95.52平米,南,简装,低楼层(共6层),2008年建,板楼
282,电力设计院单位房源户型周正 视野开阔 适合居家,208万,单价11023元/平米,5室2厅,188.7平米,南,毛坯,中楼层(共17层),2010年建,板楼
283,降价95万 空中别墅3层 9.3米挑空客厅 200万装修成本,580万,单价15327元/平米,7室3厅,378.42平米,南 北,精装,高楼层(共7层),2007年建,板楼
284,户型周正，五房三厅，采光好，交通便利，配套成熟,340万,单价11925元/平米,5室3厅,285.13平米,南,精装,高楼层(共13层),2007年建,板塔结合
285,两BAI万豪修 带家具家电  6房 3厅 另带KTV房,512万,单价23487元/平米,6室4厅,218平米,南 北,精装,低楼层(共5层),2011年建,板楼
286,采光充足，居住舒适，生活出行便利。,74万,单价6831元/平米,3室2厅,108.33平米,南,简装,高楼层(共7层),2004年建,板楼
287,赤岗社区 两房改三房 房东急售,54万,单价7956元/平米,3室1厅,67.88平米,南,简装,高楼层(共5层),1997年建,板楼
288,安静宜居，园林小区，中上楼层，户型通风性好，毛坯房,135万,单价11951元/平米,3室2厅,112.97平米,南 北,毛坯,高楼层(共27层),2011年建,板塔结合
289,嘉宇盛世华章 长沙大道地铁口 居家大五房 自住精装修,230万,单价10796元/平米,5室2厅,213.06平米,南 北,精装,高楼层(共29层),2009年建,板楼
290,南北通透，交通便捷，满五唯一，毛坯房小区环境好,90万,单价7435元/平米,3室2厅,121.06平米,南 北,毛坯,中楼层(共7层),2003年建,板楼
291,此房业主满五唯一、户型周正、中高楼层采光好,112万,单价12256元/平米,2室2厅,91.39平米,南,精装,高楼层(共27层),2006年建,板塔结合
292,此房满五唯一没有个税，精装修保养好，可领包入住,140万,单价12116元/平米,3室2厅,115.55平米,南,精装,高楼层(共33层),2013年建,板塔结合
293,业主诚心出售，通透格局好，中间楼层，采光视野好,202万,单价14453元/平米,3室2厅,139.77平米,南,简装,中楼层(共5层),2007年建,板塔结合
294,锦湘国际星城二期 2室2厅 108万,108万,单价10992元/平米,2室2厅,98.26平米,南,简装,低楼层(共18层),2007年建,板塔结合
295,交警宿舍 2室2厅 51.5万,51.5万,单价6189元/平米,2室2厅,83.22平米,南,简装,中楼层(共8层),2000年建,板楼
296,居家装修 楼层好 位置安静 环境干净 正规三居,99.8万,单价8232元/平米,3室2厅,121.24平米,南 北,精装,低楼层(共6层),2007年建,板楼
297,中高楼层，价格可谈，户型好，采光佳,145万,单价11191元/平米,3室2厅,129.57平米,南 北,精装,中楼层(共11层),2006年建,板塔结合
298,：此房中高楼层，视野开阔，采光充足，居住舒适,138万,单价10813元/平米,4室2厅,127.63平米,南 北,简装,中楼层(共18层),2012年建,板塔结合
299,左家塘 3号线  桂花公园站中间楼层  品字户型,68.8万,单价8350元/平米,3室1厅,82.4平米,南,简装,高楼层(共7层),1985年建,塔楼
300,此房户型通透 视野开阔 无遮挡 双地铁口 婚庆公园旁,112.8万,单价12288元/平米,3室2厅,91.8平米,南,精装,高楼层(共33层),2011年建,板塔结合
301,华隆公寓 大三房 采光充足 单价便宜 小区安静舒适,90万,单价6778元/平米,3室1厅,132.79平米,南,精装,中楼层(共7层),2001年建,板楼
302,居家好房 正规大三居 配入户花园 拎包入住 公园旁,160万,单价11682元/平米,3室2厅,136.97平米,南,精装,低楼层(共22层),2010年建,板塔结合
303,树木岭正规三房，采光好，生活便利,124万,单价9976元/平米,3室2厅,124.31平米,南,简装,高楼层(共6层),2002年建,板塔结合
304,地段好人流量大 交通便利配套成熟 公摊面积小 大三房,108万,单价8592元/平米,3室2厅,125.71平米,东南 南,简装,中楼层(共7层),2002年建,板塔结合
305,上海城南北通透居家四房，全屋地暖，可直接拎包入住。,150万,单价11352元/平米,4室1厅,132.14平米,南 北,精装,中楼层(共33层),2010年建,塔楼
306,省委党校单位房，中间楼层，朝南户型，满五唯一。,95万,单价7917元/平米,3室2厅,120平米,南,简装,中楼层(共6层),2001年建,板楼
307,满五唯一好房子，处理长沙多余房产。采光好视野好！,105万,单价11896元/平米,3室2厅,88.27平米,南,精装,低楼层(共29层),2012年建,板塔结合
308,满五唯一省2%个税 全新装修 大三房 适合居家,160万,单价11185元/平米,3室1厅,143.06平米,南,精装,中楼层(共30层),2008年建,板塔结合
309,市中芯雨花亭金装三房  户型周正,205万,单价18320元/平米,3室2厅,111.9平米,南,精装,高楼层(共31层),2013年建,板楼
310,武广新城 大三房 精装修 诚心出售,150万,单价9611元/平米,3室2厅,156.08平米,南,精装,中楼层(共29层),2010年建,板塔结合
311,精装修3房  户型周正  视野采光好  拎包入住 满五唯一,145万,单价12055元/平米,3室2厅,120.29平米,南,精装,高楼层(共18层),2012年建,板塔结合
312,雨花亭 韶山中路 配套齐全  交通方便  房东急卖,145万,单价11150元/平米,3室2厅,130.05平米,东南,精装,低楼层(共11层),2006年建,板塔结合
313,小区闹中取静 出行方便 房间敞亮 通风良好 单价便宜,115万,单价8528元/平米,3室2厅,134.86平米,南 北,简装,高楼层(共9层),2007年建,板楼
314,采光充足，户型周正、楼层好、视野开阔,165万,单价12500元/平米,4室2厅,132平米,南 北,精装,低楼层(共33层),2010年建,塔楼
315,华盛周正四房 交通便利 配套成熟 环境优雅,152万,单价10858元/平米,4室2厅,140平米,南,毛坯,低楼层(共18层),2009年建,板塔结合
316,精装大四房，视野无阻，中间楼层！拎包入住！,170万,单价11131元/平米,4室2厅,152.74平米,东南,精装,高楼层(共22层),2010年建,板塔结合
317,三层楼，带大露台，可利用面积大，精装修，南北通透,300万,单价13101元/平米,5室2厅,229平米,南 北,精装,高楼层(共12层),2001年建,板塔结合
318,东塘东 繁华位置 正地 铁口 没话说 改善稀有大四户型,308万,单价17207元/平米,4室2厅,179平米,南,精装,低楼层(共33层),2011年建,板楼
319,运达5号楼 复式4+1房三厅 精装修 带家私电车位杂物间,1280万,单价37100元/平米,4室3厅,345.02平米,南 北,精装,低楼层(共31层),2012年建,板楼
320,省人大单位房 地铁口 物业管理好 大平层  环境好,275万,单价15005元/平米,4室2厅,183.28平米,南,毛坯,中楼层(共17层),2012年建,塔楼
321,人民东路  星城世家 小高层低密度  洋房,415万,单价15020元/平米,5室2厅,276.31平米,南 北,精装,高楼层(共9层),2007年建,板楼
322,带阁楼，居家自住，采光极好，业主诚心出售！！！,85万,单价8428元/平米,3室2厅,100.86平米,南 北,简装,高楼层(共6层),2008年建,板塔结合
323,星语林名园  五房两明卫  复式带超大阳台,225万,单价9497元/平米,4室3厅,236.93平米,南 北,精装,高楼层(共16层),2007年建,板塔结合
324,此房南北通透，南北双阳台，装修好,356万,单价15460元/平米,7室2厅,230.28平米,南 北,精装,高楼层(共33层),2013年建,板塔结合
325,韶山南路旁大润发楼上 恒盛世家精装错层四房 南北通透,173万,单价11205元/平米,4室2厅,154.4平米,南 北,精装,低楼层(共17层),2008年建,板塔结合
326,井湾子，自住精装大四房，价格便宜拎包住，三代同堂,135万,单价6000元/平米,4室2厅,225平米,南,精装,高楼层(共7层),2004年建,板楼
327,上河国际 繁华商圈 经典小户型 正地铁口,48.8万,单价9385元/平米,1室0厅,52平米,北,简装,中楼层(共22层),2007年建,板塔结合
328,香樟路旁刚需周正两房 交通便利 南北对流 总价低,45万,单价5770元/平米,2室1厅,78平米,南 北,简装,高楼层(共7层),1995年建,塔楼
329,周正三房 中等装修 交通便利 采光充足,71万,单价5929元/平米,3室2厅,119.76平米,南,简装,高楼层(共7层),2002年建,板塔结合
330,树木岭商圈 位置安静 交通方便 大三房 南北通透,78万,单价7902元/平米,3室2厅,98.71平米,南 北,简装,5层,1990年建,板楼
331,武广新城，纯毛坯三房，中高楼层，业主诚心,108万,单价9474元/平米,3室2厅,114平米,南 北,毛坯,高楼层(共24层),2010年建,板塔结合
332,英郡年华！南北通透大四房！格局周正！南北双阳台,155万,单价11391元/平米,4室2厅,136.08平米,南 北,简装,低楼层(共17层),2012年建,板塔结合
333,南北通透大四房，双厅动静分离带错层，适合改善客户,248万,单价13847元/平米,4室2厅,179.11平米,南 北,简装,低楼层(共15层),2001年建,板楼
334,房子是复式结构，使用面积很大，适合家里人多的居住,76.8万,单价9529元/平米,3室2厅,80.6平米,南,精装,高楼层(共5层),2005年建,板楼
335,房子满四年 毛坯装修 位置好 次新小区,118万,单价12925元/平米,3室2厅,91.3平米,南,毛坯,中楼层(共33层),2011年建,板塔结合
336,中高楼层，视野开阔，采光充足，纯毛坯可随心装修。,150万,单价10274元/平米,4室2厅,146平米,南 北,毛坯,高楼层(共17层),2012年建,板塔结合
337,朝南户型 标准三房 视野开阔  适合一家人居住,129万,单价9640元/平米,3室2厅,133.83平米,南,精装,低楼层(共26层),2011年建,板塔结合
338,德思勤商圈，朝南周正大三房，小区中间位置不临马路,132万,单价8949元/平米,3室2厅,147.51平米,东南,毛坯,高楼层(共22层),2013年建,板楼
339,西子花苑，南北通透，精装三房   可看小区花园,150万,单价10843元/平米,3室2厅,138.35平米,南 北,精装,高楼层(共18层),2008年建,板楼
340,嘉华城 不靠马路 南北通透 毛坯四房 带车位 中间楼层,160万,单价9884元/平米,4室2厅,161.88平米,南 北,毛坯,高楼层(共15层),2010年建,板塔结合
341,采光充足，视野好，交通方便，配套成熟,65万,单价7388元/平米,3室2厅,87.99平米,南 北,毛坯,中楼层(共7层),2000年建,塔楼
342,天赐良园南北通透大三房，户型好，采光好，交通便利,125万,单价9312元/平米,3室2厅,134.24平米,南 北,简装,中楼层(共17层),2010年建,板塔结合
343,精装大三房 带车位，环境优美 鸟语花香,245万,单价16079元/平米,3室2厅,152.38平米,南 北,精装,中楼层(共5层),2009年建,板楼
344,一梯两户板楼小高层，中间楼层，户型周正，,141万,单价11962元/平米,3室2厅,117.88平米,南,精装,低楼层(共18层),2007年建,板楼
345,南北通透大四房，户型周正楼层好，包含地下车位,155万,单价10252元/平米,4室2厅,151.2平米,南 北,简装,高楼层(共29层),2009年建,塔楼
346,此房满5年，二环内的楼梯房小区，经济适用，公摊较少,68万,单价6819元/平米,3室2厅,99.73平米,南,简装,中楼层(共8层),1997年建,板楼
347,地铁口 精装小三居 朝南 带家私电  拎包入住,108万,单价11750元/平米,3室2厅,91.92平米,南,精装,高楼层(共33层),2011年建,板塔结合
348,清水毛坯大三房 任意装修交通方便环境优美业主诚心,138万,单价11137元/平米,3室2厅,123.92平米,南,毛坯,中楼层(共17层),2013年建,板塔结合
349,康斯丹郡 ，毛坯两居室  ，采光充足，中间楼层！,92万,单价10595元/平米,3室2厅,86.84平米,南,毛坯,中楼层(共17层),2012年建,板塔结合
350,万科洋房 管家式物业 采光好 精装修 位置安静,176万,单价13717元/平米,3室2厅,128.31平米,南,精装,高楼层(共6层),2008年建,板楼
351,业主诚心出售 户型周正 中高楼层 精装修,138万,单价10557元/平米,3室2厅,130.73平米,南 北,精装,高楼层(共11层),2004年建,塔楼
352,上海城三期 经典三房，朝南中层 环境好 安静适合居家,121万,单价10997元/平米,3室2厅,110.04平米,南,精装,低楼层(共33层),2010年建,塔楼
353,茂华国际湘 中间位置 三房  视野好 满五唯一 带车位,170万,单价12443元/平米,3室1厅,136.63平米,东南,精装,中楼层(共11层),2013年建,板楼
354,此房满五唯一，三卫大三房，双阳台南北通透,410万,单价22988元/平米,3室1厅,178.36平米,南 北,精装,低楼层(共32层),2012年建,板楼
355,汽车南站 康斯丹郡 精装四房 户型周正 楼层高,128万,单价9824元/平米,4室2厅,130.3平米,南,精装,中楼层(共17层),2012年建,板塔结合
356,汇都公寓 精装两房 交通方便 拎包入住,72万,单价11124元/平米,2室1厅,64.73平米,西 东北,精装,中楼层(共33层),2010年建,塔楼
357,营山佳园   小区环境好  中间楼层   位置佳,63万,单价8406元/平米,3室1厅,74.95平米,南,简装,中楼层(共6层),1983年建,板楼
358,毛坯三居 客厅朝南带大阳台 两梯四户 原始格局,139万,单价8906元/平米,3室1厅,156.08平米,南,毛坯,中楼层(共29层),2008年建,板塔结合
359,此房满5年可交易，业主急卖，双证在手，价格可谈,150万,单价8466元/平米,4室2厅,177.18平米,东南,毛坯,低楼层(共13层),2007年建,板楼
360,地铁口，纯板楼，一梯两户。大客厅，得房率高,154万,单价9766元/平米,4室2厅,157.69平米,南,简装,低楼层(共12层),2007年建,板塔结合
361,友谊路 山水洲城 纯毛坯 三房 满五唯一出售,152万,单价11557元/平米,3室2厅,131.53平米,南,毛坯,中楼层(共17层),2007年建,板塔结合
362,满五唯一 南北通透 周正四房 纯毛坯,146万,单价11049元/平米,4室2厅,132.14平米,南 北,毛坯,低楼层(共33层),2010年建,塔楼
363,金龙苑 2室2厅 98.8万,98.8万,单价10874元/平米,2室2厅,90.86平米,南,精装,中楼层(共24层),2011年建,塔楼
364,赤岗社区 2室1厅 46万,46万,单价7777元/平米,2室1厅,59.15平米,南,简装,高楼层(共5层),1997年建,板楼
365,精装，大二房随时可住随时看房，低楼层房东诚心出售,125万,单价13737元/平米,2室2厅,91平米,东南,精装,低楼层(共18层),2008年建,塔楼
366,业主诚心出售，商圈配套成熟，精装修方便看房,105万,单价11923元/平米,2室2厅,88.07平米,东南 东,精装,中楼层(共30层),2005年建,塔楼
367,装修两房，户型周正，业主诚心出售,105万,单价11734元/平米,2室1厅,89.49平米,南,精装,中楼层(共27层),2013年建,板塔结合
368,正规一居室，精装修、交通便捷，可拎包入住,50.8万,单价10084元/平米,1室1厅,50.38平米,东,精装,中楼层(共24层),2009年建,塔楼
369,满五唯一，自住精装修，公摊小，南北通透,141万,单价12984元/平米,3室2厅,108.6平米,南 北,精装,中楼层(共33层),2011年建,板塔结合
370,单价1万买 公务员小区  南北通透  户型周正 大4房,130万,单价9411元/平米,4室2厅,138.14平米,南 北,精装,低楼层(共18层),2009年建,板塔结合
371,瑞都华庭电梯小高层标准三房 单边户！,102.5万,单价9762元/平米,3室2厅,105平米,南,精装,高楼层(共18层),2010年建,板塔结合
372,上海城二期精装修小三房 楼层适中采光好 靠入口,123.8万,单价11904元/平米,3室2厅,104平米,南,精装,中楼层(共32层),2009年建,塔楼
373,大阳台，位置安静，中间楼层，拎包入住,168万,单价13440元/平米,3室2厅,125平米,南,精装,中楼层(共34层),2013年建,板塔结合
374,陆桥社区单位房 小区物业好购物方便 小两房,58.6万,单价7388元/平米,2室2厅,79.32平米,南,简装,高楼层(共7层),1997年建,板楼
375,西子一间朝北小户型，精装修，可拎包入住,46万,单价9158元/平米,1室1厅,50.23平米,北,简装,低楼层(共22层),2011年建,塔楼
376,金房经典一房，毛坯房，户型周正，诚心出售,59万,单价10117元/平米,1室1厅,58.32平米,北,毛坯,中楼层(共31层),2011年建,板塔结合
377,精装修小三房，满五年，自住保养好，全明户型,188万,单价20367元/平米,3室1厅,92.31平米,西 北,精装,低楼层(共32层),2010年建,板塔结合
378,2号线地铁口 酒店式住宅公寓一房 婚房装修带家私电,58万,单价11994元/平米,1室0厅,48.36平米,东,精装,高楼层(共33层),2011年建,塔楼
379,精装修，中间楼层，有钥匙，看房随时,45万,单价10456元/平米,1室0厅,43.04平米,北,精装,中楼层(共30层),2005年建,塔楼
380,中间楼层，采光充足，户型周正，房子朝向好，电梯房,150万,单价9366元/平米,4室2厅,160.16平米,南 北,简装,高楼层(共10层),1999年建,板楼
381,砂子塘商圈，白沙苑，高楼层大三房，户型周正,80万,单价6630元/平米,3室2厅,120.68平米,南 北,毛坯,高楼层(共8层),2002年建,板塔结合
382,交通便利、楼层好、视野无遮挡、配套佳、生活方便,130万,单价10025元/平米,3室2厅,129.68平米,东南,毛坯,中楼层(共35层),2013年建,板塔结合
383,省政府星语林名园 繁华地段精装修业主诚心,190万,单价12602元/平米,4室2厅,150.77平米,南,精装,中楼层(共16层),2007年建,板塔结合
384,成熟配套，正地铁口，生活设施齐备。,158万,单价12078元/平米,3室2厅,130.82平米,南 北,精装,11层,2009年建,板楼
385,2012年的毛坯房，3条地铁线，配套好，地段好,105万,单价11627元/平米,2室2厅,90.31平米,南,毛坯,中楼层(共33层),2011年建,板塔结合
386,地税五分局  南北通透大三房 出租装修,118万,单价8748元/平米,3室2厅,134.9平米,南 北,简装,高楼层(共7层),2003年建,塔楼
387,凯姆国际新出好房急售 南北通透 户型方正 采光充足,155万,单价12016元/平米,3室2厅,129平米,南 北,精装,低楼层(共21层),2011年建,板塔结合
388,精装大三房  业主急售  购物齐全,110万,单价8582元/平米,3室2厅,128.18平米,南 北,精装,高楼层(共6层),2005年建,板楼
389,急售 恒大城精装3房2卫宽大客厅带阳台南北对流带车位,155万,单价12024元/平米,3室1厅,128.91平米,南 北,精装,高楼层(共18层),2011年建,板楼
390,港岛 火车站 佳润新城 长鑫美树园 朝阳银座,150万,单价9823元/平米,3室2厅,152.71平米,南,精装,高楼层(共8层),2004年建,板楼
391,桔园小区 小两房 南北向 户型好 采光佳,43万,单价8321元/平米,2室2厅,51.68平米,南,精装,中楼层(共7层),1989年建,板楼
392,德馨园好房推荐  户型周正 配套齐全,93.8万,单价8337元/平米,3室2厅,112.52平米,南,简装,低楼层(共6层),1989年建,板塔结合
393,此价带杂屋 纯板楼一梯两户，户型通透，位置安静,69.5万,单价6682元/平米,3室2厅,104.02平米,南,精装,高楼层(共6层),2004年建,板楼
394,万家丽路精装大三房，交通便利，户型周正,133.8万,单价10240元/平米,3室1厅,130.67平米,南,精装,中楼层(共12层),2011年建,板塔结合
395,汽车南站这里 比亚迪工厂旁 景环小区 小二房 上学方便,75万,单价7694元/平米,2室2厅,97.49平米,南 北,毛坯,低楼层(共6层),2009年建,塔楼
396,干休所宿舍 南北通透 小三房 小区环境幽静 3号线,72万,单价9980元/平米,3室1厅,72.15平米,南 北,简装,低楼层(共2层),1995年建,板楼
397,树木岭经典南北通透大四居  商圈成熟 看房方便,118万,单价9038元/平米,4室2厅,130.56平米,南 北,简装,中楼层(共16层),2007年建,板楼
398,汽车南站商圈，业主自住电梯两房，诚心出售,70万,单价9210元/平米,2室1厅,76.01平米,南,精装,高楼层(共18层),2012年建,板塔结合
399,芙蓉中路地铁口，周正两房，钥匙在手，拎包入住,83万,单价10965元/平米,2室1厅,75.7平米,南,简装,中楼层(共27层),2006年建,塔楼
400,东塘瑞府朝南正规3房，带阳台，带天然气，小区环境好,122万,单价14469元/平米,3室1厅,84.32平米,南,精装,高楼层(共34层),2011年建,塔楼
401,汽车南站商圈 交通方便  业主诚信出售,62万,单价8043元/平米,2室1厅,77.09平米,南,简装,中楼层(共18层),2009年建,板塔结合
402,茂华国际湘 长沙大道地铁站，超市，广益，银行,154万,单价10197元/平米,4室2厅,151.03平米,南,简装,低楼层(共18层),2013年建,板塔结合
403,配套设施成熟 楼下就是友阿百货 生活交通方便,89.8万,单价11366元/平米,3室1厅,79.01平米,南,精装,20层,2005年建,板塔结合
404,体育新城板块 大平层南北通透钥匙在手随时看房,125万,单价7669元/平米,4室2厅,163平米,南 北,毛坯,高楼层(共30层),2008年建,板塔结合
405,韶山南路上海城正规电梯四房，带装修，小区环境好,200万,单价12724元/平米,4室2厅,157.19平米,南,精装,中楼层(共32层),2009年建,塔楼
406,简单装修 南北户型 带大阳台 两梯两户,142万,单价8544元/平米,4室2厅,166.21平米,南 北,简装,低楼层(共17层),2008年建,板楼
407,高铁站 南雅旁 满五唯一 正规大三房 园林小区,157万,单价11108元/平米,3室2厅,141.35平米,南,简装,低楼层(共33层),2011年建,板楼
408,窑岭湘雅附二地铁口 鸿铭南苑板楼 全明户型,218万,单价14820元/平米,3室2厅,147.1平米,南 北,精装,高楼层(共15层),2005年建,板楼
409,中间楼层板楼，大阳台，带车位 带长塘里 购物交通便利,128万,单价9205元/平米,3室2厅,139.06平米,南,毛坯,中楼层(共16层),2007年建,板楼
410,凯姆国际 新上好房 户型周正 钥匙在手 随时看房,152万,单价11682元/平米,3室2厅,130.12平米,南,毛坯,低楼层(共21层),2011年建,板塔结合
411,狮子山二片 交通便利 配套齐全 拎包入住,55万,单价7262元/平米,2室1厅,75.74平米,西,精装,高楼层(共7层),2004年建,板楼
412,优 质 大 四房  改 善 型 拎 包 入 住,120万,单价8862元/平米,4室2厅,135.42平米,南,简装,中楼层(共7层),2005年建,塔楼
413,电梯房 错层 居家装修 采光通风好 大三房 随时看房,140万,单价9986元/平米,3室2厅,140.2平米,南 北,精装,低楼层(共11层),2004年建,板楼
414,业主诚心出售，产权清晰，交通便利,160万,单价11969元/平米,3室2厅,133.68平米,南,精装,高楼层(共15层),2010年建,板塔结合
415,南北通透i四房，小区高绿化，交通方便出门地铁。,149万,单价11462元/平米,4室2厅,130平米,南 北,简装,高楼层(共29层),2016年建,塔楼
416,高桥商圈 全新装修 3居室 板楼 南北通透 带家电家具,140万,单价11053元/平米,3室2厅,126.67平米,南 北,精装,低楼层(共17层),2007年建,板楼
417,炙手可热，带杂屋出售，德馨园的优质好房，中间楼层,85万,单价8458元/平米,3室2厅,100.5平米,南,精装,中楼层(共6层),2006年建,板楼
418,楼层好 视野宽阔 采光充足 配套设施齐全,125万,单价11364元/平米,3室2厅,110平米,东南,毛坯,高楼层(共26层),2011年建,板塔结合
419,中间楼层户型周正， 交通便利，业主自住居家精装修,266万,单价15466元/平米,5室2厅,172平米,南,精装,中楼层(共5层),2007年建,板楼
420,妹子山社区 两房 价格优惠 户型周正,46万,单价6673元/平米,2室2厅,68.94平米,南 北,简装,高楼层(共5层),1995年建,板楼
421,公园式绿化 居家适宜 小区绿化高 交通便利！！,85万,单价8253元/平米,3室2厅,103平米,南,简装,中楼层(共7层),2003年建,板楼
422,喜盈门 香樟路 大三房 中间楼层 业主诚售 钥匙在店,95.9万,单价8195元/平米,3室2厅,117平米,南,简装,中楼层(共7层),2006年建,板楼
423,中建五局单位房源，户型周正 小区环境好 诚意卖,119万,单价8322元/平米,3室2厅,143平米,南 北,精装,高楼层(共17层),2006年建,板楼
424,房子楼层好，格局南北朝向，采光通风很舒服。安静,220万,单价16567元/平米,3室1厅,132.8平米,南 北,精装,中楼层(共5层),2008年建,板楼
425,此房楼层好中间位置 户型周正视野开阔 。,330万,单价13238元/平米,5室2厅,249.29平米,南 北,简装,高楼层(共18层),2009年建,板楼
426,南北通透 中高楼层 采光充足 小区安静 适宜居家,115万,单价8651元/平米,3室2厅,132.94平米,南 北,简装,中楼层(共16层),2005年建,板楼
427,刚需精装三房   户型周正 采光通风好,82.8万,单价9090元/平米,3室2厅,91.09平米,南,精装,高楼层(共6层),2002年建,板塔结合
428,小区风景优美， 全屋地暖，现代风格装修新居，好楼层,165万,单价11743元/平米,4室2厅,140.51平米,南 北,精装,中楼层(共18层),2013年建,板楼
429,新城新世界二期简装大三房、高楼层视野开阔,165万,单价12724元/平米,3室2厅,129.68平米,南 西,简装,高楼层(共33层),2013年建,板塔结合
430,西子花苑南北双阳台三房中间楼层房屋出售,155万,单价11227元/平米,3室2厅,138.07平米,南 北,毛坯,中楼层(共18层),2008年建,板楼
431,满五年唯一 精装地暖 127平大三房两卫 拎包住 诚意卖,200万,单价15690元/平米,3室2厅,127.47平米,南 北,精装,高楼层(共34层),2013年建,板塔结合
432,交通便利，清水毛坯，诚心出售。,76.8万,单价8557元/平米,2室1厅,89.76平米,南 北,毛坯,低楼层(共18层),2011年建,板塔结合
